week,mean,lo,hi,sim,method,Rt_true
4,2.724012235767398,2.6185398388280303,2.8315379413976283,0,EpiEstim,1.6314751781809071
5,2.742177202423172,2.6771025231275165,2.8080224598218284,0,EpiEstim,1.6493983988647818
6,1.9557552672114968,1.9221482645746637,1.9896494842100827,0,EpiEstim,1.6626945454732447
7,2.3630784578464845,2.3364044592960034,2.3899017637143816,0,EpiEstim,1.6657161988180091
8,1.6131881654202145,1.5987008907593732,1.6277398826621314,0,EpiEstim,1.6450176956448594
9,2.589439153812902,2.5748837659443327,2.604034999500604,0,EpiEstim,1.5702061046617282
10,2.509912544536098,2.5009083904989726,2.518932655550486,0,EpiEstim,1.389728496679779
11,2.293596594599215,2.2881058948447652,2.2990937837677503,0,EpiEstim,1.0788433534742254
12,1.5625569766975438,1.55953531912894,1.5655815184506308,0,EpiEstim,0.7397400301186442
13,1.0553633672418052,1.053364809477156,1.0573637930681057,0,EpiEstim,0.5136366481182113
14,0.7142242065331278,0.7126227992576933,0.7158273863793748,0,EpiEstim,0.40600839854476306
15,0.4629383905539235,0.4614236100409966,0.4644556191821881,0,EpiEstim,0.36046828311602913
16,0.3519921130169582,0.3500883574050395,0.3539009596434718,0,EpiEstim,0.34037817216479166
17,0.3464443760626771,0.3433542803028931,0.3495481233656826,0,EpiEstim,0.32938421928755185
18,0.338793884901983,0.3337567219322498,0.3438682523107536,0,EpiEstim,0.32106125679391057
19,0.3412450195760103,0.3328347665874112,0.3497587486342272,0,EpiEstim,0.31299800119762544
20,0.3807565009877876,0.3660398701501535,0.3957591146618216,0,EpiEstim,0.30447085182278294
21,0.492638906946669,0.4662699225353441,0.5197229544606438,0,EpiEstim,0.2953377117578595
22,0.1411635473966038,0.1218040939310394,0.1619298722081056,0,EpiEstim,0.28567692937554584
23,0.4045662090869893,0.3261374644987075,0.4913185502357028,0,EpiEstim,0.27562375112462295
24,0.317184919997256,0.2140033335719643,0.4403461056978937,0,EpiEstim,0.2653269762932937
25,0.2873096738720521,0.1313762780521762,0.5032129726707987,0,EpiEstim,0.25492980941109444
26,0.112101632260018,0.0028381676002846,0.4135294080166166,0,EpiEstim,0.244562019858803
27,2.107905370136367,0.053367543410166,7.7758088111124755,0,EpiEstim,0.234338987642738
28,4.9952002266343305,0.1264675201810092,18.426691485216654,0,EpiEstim,0.2243596675001804
29,4.999998771943423,0.1265890088297487,18.444392740417,0,EpiEstim,0.2147075919539961
30,5.0,0.1265890399214493,18.444397270569677,0,EpiEstim,0.2054519924690536
31,5.0,0.1265890399214493,18.444397270569677,0,EpiEstim,0.19664886662836895
32,5.0,0.1265890399214493,18.444397270569677,0,EpiEstim,0.18834258300327553
33,5.0,0.1265890399214493,18.444397270569677,0,EpiEstim,0.18056743585881713
34,5.0,0.1265890399214493,18.444397270569677,0,EpiEstim,0.17334927270413858
35,5.0,0.1265890399214493,18.444397270569677,0,EpiEstim,0.166707120941159
36,5.0,0.1265890399214493,18.444397270569677,0,EpiEstim,0.16064176188190857
37,5.0,0.1265890399214493,18.444397270569677,0,EpiEstim,0.15510177755469717
38,5.0,0.1265890399214493,18.444397270569677,0,EpiEstim,0.1500291762693015
39,5.0,0.1265890399214493,18.444397270569677,0,EpiEstim,0.14537239057379267
40,5.0,0.1265890399214493,18.444397270569677,0,EpiEstim,0.14108538314142566
41,5.0,0.1265890399214493,18.444397270569677,0,EpiEstim,0.1371268874041616
42,5.0,0.1265890399214493,18.444397270569677,0,EpiEstim,0.13345976187730893
43,5.0,0.1265890399214493,18.444397270569677,0,EpiEstim,0.13005044081164088
44,5.0,0.1265890399214493,18.444397270569677,0,EpiEstim,0.1268684668223828
45,5.0,0.1265890399214493,18.444397270569677,0,EpiEstim,0.12388609360756413
46,5.0,0.1265890399214493,18.444397270569677,0,EpiEstim,0.12107794888390717
47,5.0,0.1265890399214493,18.444397270569677,0,EpiEstim,0.11842074931838151
48,5.0,0.1265890399214493,18.444397270569677,0,EpiEstim,0.11589306058308244
49,5.0,0.1265890399214493,18.444397270569677,0,EpiEstim,0.11347509676250205
50,5.0,0.1265890399214493,18.444397270569677,0,EpiEstim,0.11114855423761155
51,5.0,0.1265890399214493,18.444397270569677,0,EpiEstim,0.10889647589442984
52,5.0,0.1265890399214493,18.444397270569677,0,EpiEstim,0.10670314208351889
1,2.3857179536894932,2.027860260636069,2.743575646742917,0,POMP,1.5902442645711332
2,2.2917471803865244,1.9479851033285456,2.635509257444503,0,POMP,1.611358117052824
3,2.1487554952565557,1.8264421709680725,2.4710688195450388,0,POMP,1.6314751781809071
4,1.971522276533643,1.6757939350535966,2.2672506180136893,0,POMP,1.6493983988647818
5,1.774529900313355,1.5083504152663516,2.040709385360358,0,POMP,1.6626945454732447
6,1.57043525479356,1.334869966574526,1.8060005430125936,0,POMP,1.6657161988180091
7,1.3693629436199477,1.1639585020769554,1.5747673851629396,0,POMP,1.6450176956448594
8,1.179027771949865,1.0021736061573852,1.3558819377423446,0,POMP,1.5702061046617282
9,1.0051290369797965,0.8543596814328268,1.1558983925267656,0,POMP,1.389728496679779
10,0.8514135706507346,0.7237015350531244,0.9791256062483448,0,POMP,1.0788433534742254
11,0.7194126407795185,0.6115007446625907,0.8273245368964462,0,POMP,0.7397400301186442
12,0.6085239335317041,0.5172453435019485,0.6998025235614597,0,POMP,0.5136366481182113
13,0.5167274002942752,0.4392182902501339,0.5942365103384164,0,POMP,0.40600839854476306
14,0.4414885969216941,0.37526530738344,0.5077118864599482,0,POMP,0.36046828311602913
15,0.3803467111059743,0.3232947044400782,0.4373987177718704,0,POMP,0.34037817216479166
16,0.3311514818737918,0.281478759592723,0.3808242041548605,0,POMP,0.32938421928755185
17,0.2920904721047492,0.2482769012890368,0.3359040429204616,0,POMP,0.32106125679391057
18,0.261673679447396,0.2224226275302866,0.3009247313645054,0,POMP,0.31299800119762544
19,0.2385843830338659,0.202796725578786,0.2743720404889458,0,POMP,0.30447085182278294
20,0.2213478598323435,0.188145680857492,0.254550038807195,0,POMP,0.2953377117578595
21,0.2087992520507283,0.1774793642431191,0.2401191398583376,0,POMP,0.28567692937554584
22,0.2001119780020796,0.1700951813017676,0.2301287747023915,0,POMP,0.27562375112462295
23,0.194705529859565,0.1654997003806303,0.2239113593384998,0,POMP,0.2653269762932937
24,0.1921830797736735,0.1633556178076224,0.2210105417397245,0,POMP,0.25492980941109444
25,0.1922889426559002,0.1634456012575152,0.2211322840542852,0,POMP,0.244562019858803
26,0.194879614383124,0.1656476722256554,0.2241115565405926,0,POMP,0.234338987642738
27,0.1999042797487978,0.1699186377864782,0.2298899217111175,0,POMP,0.2243596675001804
28,0.2073919972760916,0.1762831976846778,0.2385007968675053,0,POMP,0.2147075919539961
29,0.2174436650795244,0.1848271153175957,0.2500602148414531,0,POMP,0.2054519924690536
30,0.2302274114475811,0.1956932997304439,0.2647615231647183,0,POMP,0.19664886662836895
31,0.2459764043500906,0.209079943697577,0.2828728650026042,0,POMP,0.18834258300327553
32,0.2649882738414696,0.2252400327652492,0.3047365149176901,0,POMP,0.18056743585881713
33,0.2876254390052148,0.2444816231544326,0.330769254855997,0,POMP,0.17334927270413858
34,0.3143156503632264,0.2671683028087424,0.3614629979177103,0,POMP,0.166707120941159
35,0.3455520167968501,0.2937192142773226,0.3973848193163776,0,POMP,0.16064176188190857
36,0.3818807247998525,0.3245986160798746,0.4391628335198304,0,POMP,0.15510177755469717
37,0.423854874857315,0.3602766436287177,0.4874331060859123,0,POMP,0.1500291762693015
38,0.4720386355254826,0.4012328401966602,0.542844430854305,0,POMP,0.14537239057379267
39,0.5269927144630832,0.4479438072936206,0.6060416216325456,0,POMP,0.14108538314142566
40,0.5892426292012887,0.5008562348210953,0.6776290235814819,0,POMP,0.1371268874041616
41,0.6592376006132209,0.5603519605212377,0.758123240705204,0,POMP,0.13345976187730893
42,0.7372993088701797,0.6267044125396527,0.8478942052007066,0,POMP,0.13005044081164088
43,0.8235605034307081,0.7000264279161018,0.9470945789453142,0,POMP,0.1268684668223828
44,0.9178945734233076,0.7802103874098115,1.0555787594368038,0,POMP,0.12388609360756413
45,1.0198386900919345,0.8668628865781441,1.1728144936057243,0,POMP,0.12107794888390717
46,1.128515002103949,0.9592377517883566,1.297792252419541,0,POMP,0.11842074931838151
47,1.2425564906927504,1.056173017088838,1.428939964296663,0,POMP,0.11589306058308244
48,1.3600462642764537,1.1560393246349856,1.5640532039179216,0,POMP,0.11347509676250205
49,1.47848096335119,1.2567088188485114,1.7002531078538683,0,POMP,0.11114855423761155
50,1.594770116661827,1.355554599162553,1.833985634161101,0,POMP,0.10889647589442984
51,1.705283224083919,1.449490740471331,1.9610757076965069,0,POMP,0.10670314208351889
52,1.8059545240402413,1.535061345434205,2.0768477026462775,0,POMP,0.10670314208351889
0,1.7054045136705507,1.314612893781144,2.379645733993903,0,NeuralSBI,1.5688502779402773
1,1.776757626850397,1.386230802753298,2.44817723171203,0,NeuralSBI,1.5902442645711332
2,1.8494459542545538,1.4589403963565826,2.5079825739318515,0,NeuralSBI,1.611358117052824
3,1.9221257980147792,1.5308762255854498,2.5862468389582784,0,NeuralSBI,1.6314751781809071
4,1.9963929519237933,1.6066294271569919,2.6630327796913904,0,NeuralSBI,1.6493983988647818
5,2.070152986646365,1.6575767613214731,2.7497107809952275,0,NeuralSBI,1.6626945454732447
6,2.137652184608757,1.6964013876873354,2.8241696007722044,0,NeuralSBI,1.6657161988180091
7,2.208229499289452,1.7375593666492004,2.895049582590879,0,NeuralSBI,1.6450176956448594
8,2.26425429159374,1.785302599316961,2.949478233618958,0,NeuralSBI,1.5702061046617282
9,2.325869014852579,1.8104143294740993,2.9967602644014213,0,NeuralSBI,1.389728496679779
10,2.379419799255638,1.8231080127045787,3.0355032977943295,0,NeuralSBI,1.0788433534742254
11,2.4236772886410973,1.8243175986389408,3.07960805080224,0,NeuralSBI,0.7397400301186442
12,2.460668708442207,1.8218814168587247,3.080519946306659,0,NeuralSBI,0.5136366481182113
13,2.485440731222281,1.8155671571001297,3.073337688773506,0,NeuralSBI,0.40600839854476306
14,2.489943873161341,1.7881395581042299,3.0574850221771,0,NeuralSBI,0.36046828311602913
15,2.4867856810630653,1.7607325100750089,3.0327361724934825,0,NeuralSBI,0.34037817216479166
16,2.4679623868025224,1.7126979227055055,2.998650629396271,0,NeuralSBI,0.32938421928755185
17,2.4226733058935594,1.6461266842451576,2.9719847973168423,0,NeuralSBI,0.32106125679391057
18,2.360921074845571,1.570427633726848,2.9389095943575305,0,NeuralSBI,0.31299800119762544
19,2.2854481687828163,1.4836339528935423,2.9218536627123672,0,NeuralSBI,0.30447085182278294
20,2.2011952940584667,1.406153269730968,2.899827670077166,0,NeuralSBI,0.2953377117578595
21,2.1099434302736526,1.3370588322410124,2.8945309875585012,0,NeuralSBI,0.28567692937554584
22,2.0040534306587023,1.2584991675011008,2.8524237854630194,0,NeuralSBI,0.27562375112462295
23,1.90213583537522,1.1735371684897504,2.8231961271224706,0,NeuralSBI,0.2653269762932937
24,1.8003076502273578,1.0781263928784857,2.7756653376367355,0,NeuralSBI,0.25492980941109444
25,1.7011843253062868,1.0052592416553339,2.736793198930646,0,NeuralSBI,0.244562019858803
26,1.609078345616406,0.9234677908419192,2.6863461394457335,0,NeuralSBI,0.234338987642738
27,1.5143029239208552,0.8453673302205608,2.6370089449857566,0,NeuralSBI,0.2243596675001804
28,1.4249444597267449,0.7770217929534069,2.586905932959329,0,NeuralSBI,0.2147075919539961
29,1.349919534841573,0.722341712844684,2.522337174784437,0,NeuralSBI,0.2054519924690536
30,1.284802424957149,0.6696620996508167,2.4539772916607197,0,NeuralSBI,0.19664886662836895
31,1.2255281221569359,0.6331676478761441,2.3829690734349835,0,NeuralSBI,0.18834258300327553
32,1.1741022283211566,0.6015659958985462,2.3080217726197074,0,NeuralSBI,0.18056743585881713
33,1.134320364376161,0.5748897265747752,2.2339934541449886,0,NeuralSBI,0.17334927270413858
34,1.0979188507270352,0.5533894554135139,2.1703559592984645,0,NeuralSBI,0.166707120941159
35,1.0752538811339278,0.5405765516958491,2.086133553418066,0,NeuralSBI,0.16064176188190857
36,1.0494630857167402,0.5352727800371394,2.022944933810876,0,NeuralSBI,0.15510177755469717
37,1.0373334034850836,0.5351721740902526,1.9851686966547326,0,NeuralSBI,0.1500291762693015
38,1.0307655609424216,0.5383759790027853,1.9370226663899686,0,NeuralSBI,0.14537239057379267
39,1.0260394598584652,0.541398472702495,1.9615911929763246,0,NeuralSBI,0.14108538314142566
40,1.0222704315640039,0.552175649952568,1.964980394183219,0,NeuralSBI,0.1371268874041616
41,1.0318675753579667,0.5579012578818848,1.9197832324258532,0,NeuralSBI,0.13345976187730893
42,1.036284457774618,0.5754433178702355,1.9297385366004656,0,NeuralSBI,0.13005044081164088
43,1.0473761888394384,0.5874596605133606,1.9424488946328684,0,NeuralSBI,0.1268684668223828
44,1.07138645099004,0.5982919724777245,1.9469966227247049,0,NeuralSBI,0.12388609360756413
45,1.0955338790980473,0.6066167349936422,1.9938307469724916,0,NeuralSBI,0.12107794888390717
46,1.1231225341761446,0.6116672248427854,2.0277662267896575,0,NeuralSBI,0.11842074931838151
47,1.1568540260429416,0.6158206253576102,2.117280050928696,0,NeuralSBI,0.11589306058308244
48,1.1811544527478341,0.6041703658598943,2.2155882510104834,0,NeuralSBI,0.11347509676250205
49,1.2114147436705633,0.5951777746818484,2.3594655782407448,0,NeuralSBI,0.11114855423761155
50,1.2348662674490303,0.5813280948056829,2.4916027238474476,0,NeuralSBI,0.10889647589442984
51,1.2696536047003903,0.569946788892452,2.706138364666383,0,NeuralSBI,0.10670314208351889
4,2.167386546442032,2.040497208822293,2.298049249568121,1,EpiEstim,1.3798051281489607
5,1.5616323917957546,1.4875584882589714,1.637480789516855,1,EpiEstim,1.3943268850295856
6,1.7851473957777644,1.7211855867409385,1.850259777278681,1,EpiEstim,1.4066490369708584
7,1.8599920797021925,1.8106372263601975,1.9100013436829,1,EpiEstim,1.4157425744324859
8,1.822827663340864,1.78665665795579,1.8593561187735792,1,EpiEstim,1.4199603150826505
9,2.0265450922667587,1.9980377191223644,2.0552515982033253,1,EpiEstim,1.4166617321588788
10,2.3729930521854135,2.351109128937625,2.3949769502459346,1,EpiEstim,1.4010757523079576
11,1.554287480191351,1.5426709295708465,1.5659470025243365,1,EpiEstim,1.3651718550215044
12,2.1540366929296484,2.142995886618609,2.1651054763289066,1,EpiEstim,1.296936784403885
13,1.397893709481676,1.3917766088227042,1.4040240386200589,1,EpiEstim,1.1838812416465205
14,2.236152932927233,2.2295762558412315,2.2427391620526778,1,EpiEstim,1.0254303678638814
15,1.298827260734058,1.295443222839158,1.3022156520589805,1,EpiEstim,0.8474654633714247
16,1.3488477015255935,1.3458102270753556,1.3518885527265847,1,EpiEstim,0.6908940816533374
17,0.9559619097336302,0.9537505749943584,0.9581757698032456,1,EpiEstim,0.5786735498794321
18,0.8083826431272196,0.806304926496109,0.8104629964577034,1,EpiEstim,0.5070280726521319
19,0.6250936946910133,0.6230700596391803,0.6271205654369317,1,EpiEstim,0.4614905422197311
20,0.392221197846688,0.3902147476271751,0.3942327223831136,1,EpiEstim,0.42997736552994387
21,0.5304866941267836,0.52685447735403,0.5341312162382355,1,EpiEstim,0.40521984024158186
22,0.305928586889385,0.3021969370944762,0.3096828186387611,1,EpiEstim,0.3835430497995803
23,0.5337714925033775,0.5251836453267114,0.5424280206703179,1,EpiEstim,0.3633628724541808
24,0.4230603355859144,0.4127478840888878,0.4334982601782077,1,EpiEstim,0.34410827344536776
25,0.4276186391703109,0.4120699650621494,0.4434512319907642,1,EpiEstim,0.32568049195194215
26,0.4059332136480727,0.3833526865347946,0.4291507878650657,1,EpiEstim,0.30815656700500826
27,0.3611481186628316,0.3287569934763472,0.3950392812432259,1,EpiEstim,0.2916572392436207
28,0.2931686059037032,0.2467769550631506,0.3434969028966785,1,EpiEstim,0.2762999495074038
29,0.2450284802020533,0.1725226626619358,0.3300545183681755,1,EpiEstim,0.26217644375509713
30,0.2011654131883092,0.0868489471148362,0.3626679310522133,1,EpiEstim,0.24935510456169682
31,0.122019872292976,0.0030892756969811,0.4501165998951656,1,EpiEstim,0.23788197571033007
32,2.2708724315974296,0.0574935121800011,8.37697465583351,1,EpiEstim,0.22778877267331285
33,4.995798066018792,0.1264826561637504,18.428896842638856,1,EpiEstim,0.21909854142735197
34,4.999998925450462,0.1265890127162105,18.444393306685964,1,EpiEstim,0.2118322621562086
35,5.0,0.1265890399214493,18.444397270569677,1,EpiEstim,0.20601517878674702
36,5.0,0.1265890399214493,18.444397270569677,1,EpiEstim,0.2016463205905265
37,5.0,0.1265890399214493,18.444397270569677,1,EpiEstim,0.19859874048827067
38,5.0,0.1265890399214493,18.444397270569677,1,EpiEstim,0.1967384924959095
39,5.0,0.1265890399214493,18.444397270569677,1,EpiEstim,0.19595683037234174
40,5.0,0.1265890399214493,18.444397270569677,1,EpiEstim,0.19616487511102007
41,5.0,0.1265890399214493,18.444397270569677,1,EpiEstim,0.19728924703561296
42,5.0,0.1265890399214493,18.444397270569677,1,EpiEstim,0.19926841645723678
43,5.0,0.1265890399214493,18.444397270569677,1,EpiEstim,0.20204958595255695
44,5.0,0.1265890399214493,18.444397270569677,1,EpiEstim,0.20558596221500594
45,5.0,0.1265890399214493,18.444397270569677,1,EpiEstim,0.20983431031923097
46,5.0,0.1265890399214493,18.444397270569677,1,EpiEstim,0.2147527111811781
47,5.0,0.1265890399214493,18.444397270569677,1,EpiEstim,0.22029846623188307
48,5.0,0.1265890399214493,18.444397270569677,1,EpiEstim,0.2264261134865667
49,5.0,0.1265890399214493,18.444397270569677,1,EpiEstim,0.2330855374528043
50,5.0,0.1265890399214493,18.444397270569677,1,EpiEstim,0.24022017247693728
51,5.0,0.1265890399214493,18.444397270569677,1,EpiEstim,0.24776531564490165
52,5.0,0.1265890399214493,18.444397270569677,1,EpiEstim,0.2556465813989316
1,1.8109989799442283,1.539349132952594,2.0826488269358627,1,POMP,1.3470977609481165
2,1.7373847917308964,1.476777072971262,1.9979925104905307,1,POMP,1.3638603611792495
3,1.6678018386407982,1.4176315628446785,1.9179721144369175,1,POMP,1.3798051281489607
4,1.600805025037534,1.3606842712819038,1.840925778793164,1,POMP,1.3943268850295856
5,1.53514396608398,1.304872371171383,1.765415560996577,1,POMP,1.4066490369708584
6,1.4697396129815596,1.2492786710343258,1.6902005549287935,1,POMP,1.4157425744324859
7,1.403670132174698,1.1931196123484933,1.6142206520009026,1,POMP,1.4199603150826505
8,1.336162876719862,1.1357384452118826,1.536587308227841,1,POMP,1.4166617321588788
9,1.2666037292586347,1.0766131698698396,1.45659428864743,1,POMP,1.4010757523079576
10,1.1945782070251905,1.0153914759714118,1.373764938078969,1,POMP,1.3651718550215044
11,1.1199251825804748,0.9519364051934036,1.287913959967546,1,POMP,1.296936784403885
12,1.0428144791685887,0.8863923072933004,1.199236651043877,1,POMP,1.1838812416465205
13,0.9637846319948536,0.8192169371956256,1.1083523267940816,1,POMP,1.0254303678638814
14,0.88370979253047,0.7511533236508995,1.0162662614100404,1,POMP,0.8474654633714247
15,0.8036360720610917,0.6830906612519279,0.9241814828702554,1,POMP,0.6908940816533374
16,0.724606083495803,0.6159151709714326,0.8332969960201734,1,POMP,0.5786735498794321
17,0.6475156197176367,0.5503882767599912,0.7446429626752822,1,POMP,0.5070280726521319
18,0.5730805954046607,0.4871185060939616,0.6590426847153598,1,POMP,0.4614905422197311
19,0.5022126172400382,0.4268807246540324,0.5775445098260439,1,POMP,0.42997736552994387
20,0.4366682036155874,0.3711679730732493,0.5021684341579254,1,POMP,0.40521984024158186
21,0.3777117258368022,0.3210549669612819,0.4343684847123225,1,POMP,0.3835430497995803
22,0.325907364783767,0.2770212600662019,0.3747934695013319,1,POMP,0.3633628724541808
23,0.2812953371221062,0.2391010365537902,0.3234896376904221,1,POMP,0.34410827344536776
24,0.243553968465967,0.207020873196072,0.2800870637358621,1,POMP,0.32568049195194215
25,0.2121446303069629,0.1803229357609184,0.2439663248530073,1,POMP,0.30815656700500826
26,0.1864306056497617,0.1584660148022975,0.214395196497226,1,POMP,0.2916572392436207
27,0.1657662926549096,0.1409013487566731,0.190631236553146,1,POMP,0.2762999495074038
28,0.1495598697551515,0.1271258892918788,0.1719938502184242,1,POMP,0.26217644375509713
29,0.1373155981513037,0.1167182584286081,0.1579129378739992,1,POMP,0.24935510456169682
30,0.1286639060731729,0.109364320162197,0.1479634919841489,1,POMP,0.23788197571033007
31,0.1233876758702336,0.1048795244896985,0.1418958272507686,1,POMP,0.22778877267331285
32,0.1214538146934166,0.1032357424894041,0.1396718868974291,1,POMP,0.21909854142735197
33,0.1230611561366645,0.1046019827161648,0.1415203295571641,1,POMP,0.2118322621562086
34,0.1287204080407893,0.1094123468346709,0.1480284692469077,1,POMP,0.20601517878674702
35,0.1393915802660606,0.1184828432261515,0.1603003173059697,1,POMP,0.2016463205905265
36,0.1565391270533689,0.1330582579953636,0.1800199961113743,1,POMP,0.19859874048827067
37,0.1817584277883499,0.1544946636200974,0.2090221919566023,1,POMP,0.1967384924959095
38,0.2172840896402864,0.1846914761942435,0.2498767030863294,1,POMP,0.19595683037234174
39,0.2663173444769643,0.2263697428054196,0.3062649461485089,1,POMP,0.19616487511102007
40,0.333261824740285,0.2832725510292422,0.3832510984513277,1,POMP,0.19728924703561296
41,0.4239969292890938,0.3603973898957297,0.4875964686824579,1,POMP,0.19926841645723678
42,0.5461441897781764,0.4642225613114499,0.6280658182449028,1,POMP,0.20204958595255695
43,0.7092442490472309,0.6028576116901463,0.8156308864043155,1,POMP,0.20558596221500594
44,0.9247081022887536,0.7860018869454406,1.0634143176320667,1,POMP,0.20983431031923097
45,1.2053419546510191,1.0245406614533663,1.386143247848672,1,POMP,0.2147527111811781
46,1.5641885060984213,1.329560230183658,1.7988167820131844,1,POMP,0.22029846623188307
47,2.012415016764128,1.7105527642495089,2.314277269278747,1,POMP,0.2264261134865667
48,2.556066135620584,2.172656215277496,2.9394760559636715,1,POMP,0.2330855374528043
49,3.1917519885539165,2.7129891902708287,3.670514786837004,1,POMP,0.24022017247693728
50,3.901801204448239,3.3165310237810037,4.487071385115475,1,POMP,0.24776531564490165
51,4.650038245399349,3.9525325085894463,5.347543982209251,1,POMP,0.2556465813989316
52,5.379968498263134,4.572973223523664,6.186963773002604,1,POMP,0.2556465813989316
0,1.5265482168316789,1.1707144910792093,2.100045774143104,1,NeuralSBI,1.3300539594747454
1,1.5711041528220118,1.210558827464712,2.1511833917697225,1,NeuralSBI,1.3470977609481165
2,1.615273374721745,1.2620713225812545,2.2018844012941976,1,NeuralSBI,1.3638603611792495
3,1.6586270007429778,1.3068959445866373,2.2581530375233023,1,NeuralSBI,1.3798051281489607
4,1.702385465722924,1.3540017566590348,2.325411714991307,1,NeuralSBI,1.3943268850295856
5,1.7448973360009439,1.3931913898294546,2.366830016898274,1,NeuralSBI,1.4066490369708584
6,1.7884732324476804,1.4353618933669778,2.412300894045063,1,NeuralSBI,1.4157425744324859
7,1.8297650816202533,1.4739224523660799,2.4592129339562914,1,NeuralSBI,1.4199603150826505
8,1.8655307159542662,1.5066368570467086,2.5037817601897077,1,NeuralSBI,1.4166617321588788
9,1.9001423258701804,1.5378238753824944,2.5426604456065056,1,NeuralSBI,1.4010757523079576
10,1.930666050399745,1.5599603120564078,2.5789547443190526,1,NeuralSBI,1.3651718550215044
11,1.9540295426713883,1.573744836860809,2.595058949393583,1,NeuralSBI,1.296936784403885
12,1.9768749298155734,1.575927717153748,2.6001085025155253,1,NeuralSBI,1.1838812416465205
13,1.9851609361409008,1.577965108929077,2.6107877568024063,1,NeuralSBI,1.0254303678638814
14,1.992298047919826,1.5689517004275706,2.631109351968771,1,NeuralSBI,0.8474654633714247
15,1.9887943201475984,1.547876663219364,2.6357878169765425,1,NeuralSBI,0.6908940816533374
16,1.9823843929125557,1.510593487665989,2.639570127355829,1,NeuralSBI,0.5786735498794321
17,1.9617303301919664,1.468564130422623,2.6493826150946345,1,NeuralSBI,0.5070280726521319
18,1.9404748634142734,1.4184988945457635,2.65252455558378,1,NeuralSBI,0.4614905422197311
19,1.8986795177624902,1.3559588200321198,2.6599648850301167,1,NeuralSBI,0.42997736552994387
20,1.8489621988317713,1.2831876836319798,2.630788684282261,1,NeuralSBI,0.40521984024158186
21,1.8030683424929723,1.216321646936976,2.64343037307244,1,NeuralSBI,0.3835430497995803
22,1.7424452317768484,1.1404980861380132,2.643605718692541,1,NeuralSBI,0.3633628724541808
23,1.6860600833001893,1.0755993060707185,2.6840672829984604,1,NeuralSBI,0.34410827344536776
24,1.626282758036107,1.0047844660880594,2.727502150045755,1,NeuralSBI,0.32568049195194215
25,1.5615602825799266,0.9396775258219086,2.747359839790045,1,NeuralSBI,0.30815656700500826
26,1.5079970639880886,0.8669917603023818,2.7612336555510657,1,NeuralSBI,0.2916572392436207
27,1.4516677523709378,0.8072977521466679,2.766377068570686,1,NeuralSBI,0.2762999495074038
28,1.3994429039359981,0.7480480454098506,2.7555008516693187,1,NeuralSBI,0.26217644375509713
29,1.3447560524406366,0.6954899148566918,2.7545463440710005,1,NeuralSBI,0.24935510456169682
30,1.299795029024158,0.6495366371179313,2.7229343723267903,1,NeuralSBI,0.23788197571033007
31,1.2610127523206924,0.617591500227787,2.683413000912256,1,NeuralSBI,0.22778877267331285
32,1.2255722088658478,0.5932093845238682,2.660867092520952,1,NeuralSBI,0.21909854142735197
33,1.1932957913060003,0.5744890572805208,2.643304142073248,1,NeuralSBI,0.2118322621562086
34,1.1696655467051387,0.5560112168258737,2.585723121741458,1,NeuralSBI,0.20601517878674702
35,1.1431753967923766,0.5501355704104766,2.513833016117041,1,NeuralSBI,0.2016463205905265
36,1.1335782232198843,0.5481570984915055,2.4573394077401067,1,NeuralSBI,0.19859874048827067
37,1.1168240691093962,0.5555493266463701,2.4368448698847436,1,NeuralSBI,0.1967384924959095
38,1.1034425811423327,0.5622195630292304,2.3328325644747987,1,NeuralSBI,0.19595683037234174
39,1.0939769810740976,0.5672167640968678,2.2632060817307047,1,NeuralSBI,0.19616487511102007
40,1.0810418139624272,0.5710082147919555,2.1781486738318505,1,NeuralSBI,0.19728924703561296
41,1.0860957455375175,0.5779694604207289,2.1025091515461267,1,NeuralSBI,0.19926841645723678
42,1.0836394711231803,0.5753913500748605,2.030625387816124,1,NeuralSBI,0.20204958595255695
43,1.088035682247767,0.5831445727437784,2.0092932195397215,1,NeuralSBI,0.20558596221500594
44,1.0992082987551681,0.5954964695795244,2.0230305661260783,1,NeuralSBI,0.20983431031923097
45,1.1079767531420268,0.6073768617886732,2.0175266459825427,1,NeuralSBI,0.2147527111811781
46,1.1201763642820401,0.6053760104826297,2.016851394410673,1,NeuralSBI,0.22029846623188307
47,1.1315459729128075,0.6109853409212062,2.088102816397515,1,NeuralSBI,0.2264261134865667
48,1.145400612241609,0.6093484812407123,2.1840266544751503,1,NeuralSBI,0.2330855374528043
49,1.1612006327075637,0.5962017238033774,2.3180772619589822,1,NeuralSBI,0.24022017247693728
50,1.1744384152290568,0.5835024071967596,2.49690703642557,1,NeuralSBI,0.24776531564490165
51,1.1851829916064731,0.5464510875109276,2.6905972524229194,1,NeuralSBI,0.2556465813989316
4,2.4571391215707337,2.362923442750296,2.5531708138501146,2,EpiEstim,1.716284404159195
5,2.914019719684476,2.8476288497674513,2.981164995839903,2,EpiEstim,1.7085536138958068
6,2.1248640126418357,2.0912167846555927,2.1587760513750593,2,EpiEstim,1.6943418922761952
7,2.9435619351169184,2.9161042856748325,2.9711464703835606,2,EpiEstim,1.664803656493744
8,2.0975862987866862,2.083912899803404,2.1113037925286045,2,EpiEstim,1.5995103765272645
9,2.807719126774157,2.7966920930007597,2.818767557906472,2,EpiEstim,1.4598100548531736
10,2.690968314856308,2.6844518119835454,2.697492608737447,2,EpiEstim,1.2066916564080004
11,1.3780579254817475,1.375184253737874,1.3809345552908905,2,EpiEstim,0.879337365944721
12,1.0923938937646551,1.090204611520464,1.0945853417559277,2,EpiEstim,0.6101393966114182
13,0.6400631466433141,0.6384578697917755,0.6416704112764916,2,EpiEstim,0.4599178927987313
14,0.7116956680792345,0.7096003144646024,0.7137940682246242,2,EpiEstim,0.39107348046996016
15,0.5251522954721789,0.5230330082797896,0.527275808514062,2,EpiEstim,0.3602429002356031
16,0.6269669220646935,0.6238193655511589,0.6301222900670086,2,EpiEstim,0.34455660779956493
17,0.2845394190263923,0.2818891334337523,0.2872019338604481,2,EpiEstim,0.3343788523782273
18,0.2624930699633224,0.2579186513564352,0.26710714082818,2,EpiEstim,0.32590800653480434
19,0.4472350626226907,0.4360741307537223,0.4585350604814219,2,EpiEstim,0.31768017683176764
20,0.3508787958142782,0.3364171162152893,0.365640543217969,2,EpiEstim,0.3092656372165763
21,0.4009213407863882,0.3757111735157999,0.4269385320766803,2,EpiEstim,0.30060171287108733
22,0.2337608140314535,0.2045243081542827,0.2649219974859932,2,EpiEstim,0.2917529168452906
23,0.4298556804071217,0.352956242052571,0.51422061653179,2,EpiEstim,0.2828126170726281
24,0.2936993090499744,0.2021690903790906,0.4020516776496052,2,EpiEstim,0.27388494348510345
25,0.2011207599424313,0.0808609765250822,0.3752187628367713,2,EpiEstim,0.26506410086086674
26,0.1410039382764222,0.0035699106343111,0.5201465308570435,2,EpiEstim,0.25643641988776505
27,2.462752777382955,0.0623515019305582,9.084798121050014,2,EpiEstim,0.2480776385796299
28,4.9963977346679584,0.1264978384594643,18.431108947998045,2,EpiEstim,0.24005344974820922
29,4.999999078957511,0.1265890166026725,18.44439387295496,2,EpiEstim,0.2324202681657496
30,5.0,0.1265890399214493,18.444397270569677,2,EpiEstim,0.22522627533758446
31,5.0,0.1265890399214493,18.444397270569677,2,EpiEstim,0.21851259325646236
32,5.0,0.1265890399214493,18.444397270569677,2,EpiEstim,0.21231447114481314
33,5.0,0.1265890399214493,18.444397270569677,2,EpiEstim,0.20666254780523782
34,5.0,0.1265890399214493,18.444397270569677,2,EpiEstim,0.20158414417067902
35,5.0,0.1265890399214493,18.444397270569677,2,EpiEstim,0.19710457977975548
36,5.0,0.1265890399214493,18.444397270569677,2,EpiEstim,0.19323348304473653
37,5.0,0.1265890399214493,18.444397270569677,2,EpiEstim,0.18992310206169255
38,5.0,0.1265890399214493,18.444397270569677,2,EpiEstim,0.18711715046664062
39,5.0,0.1265890399214493,18.444397270569677,2,EpiEstim,0.1847653049402522
40,5.0,0.1265890399214493,18.444397270569677,2,EpiEstim,0.18282219542568778
41,5.0,0.1265890399214493,18.444397270569677,2,EpiEstim,0.18124654068845464
42,5.0,0.1265890399214493,18.444397270569677,2,EpiEstim,0.18000040538776668
43,5.0,0.1265890399214493,18.444397270569677,2,EpiEstim,0.17904855956730256
44,5.0,0.1265890399214493,18.444397270569677,2,EpiEstim,0.17835792535392225
45,5.0,0.1265890399214493,18.444397270569677,2,EpiEstim,0.1778970988502123
46,5.0,0.1265890399214493,18.444397270569677,2,EpiEstim,0.17763593785540802
47,5.0,0.1265890399214493,18.444397270569677,2,EpiEstim,0.1775452082527049
48,5.0,0.1265890399214493,18.444397270569677,2,EpiEstim,0.17759628373777506
49,5.0,0.1265890399214493,18.444397270569677,2,EpiEstim,0.17776089509207918
50,5.0,0.1265890399214493,18.444397270569677,2,EpiEstim,0.1780109264679243
51,5.0,0.1265890399214493,18.444397270569677,2,EpiEstim,0.1783182571798556
52,5.0,0.1265890399214493,18.444397270569677,2,EpiEstim,0.17865464830820682
1,2.5198677208513143,2.141887562723617,2.897847878979011,2,POMP,1.724788578297241
2,2.360955671790474,2.006812321021903,2.715099022559045,2,POMP,1.7211740686968595
3,2.1673980578873535,1.8422883492042503,2.4925077665704563,2,POMP,1.716284404159195
4,1.9541602928767765,1.6610362489452597,2.2472843368082924,2,POMP,1.7085536138958068
5,1.7342879995109184,1.474144799584281,1.994431199437556,2,POMP,1.6943418922761952
6,1.518081535518456,1.2903693051906877,1.7457937658462244,2,POMP,1.664803656493744
7,1.3130929574519397,1.1161290138341486,1.5100569010697305,2,POMP,1.5995103765272645
8,1.1246985647739236,0.9559937800578352,1.293403349490012,2,POMP,1.4598100548531736
9,0.956600454350128,0.8131103861976087,1.100090522502647,2,POMP,1.2066916564080004
10,0.8107975154179521,0.6891778881052593,0.9324171427306448,2,POMP,0.879337365944721
11,0.687371020896661,0.5842653677621619,0.7904766740311601,2,POMP,0.6101393966114182
12,0.5847107050809113,0.4970040993187746,0.6724173108430479,2,POMP,0.4599178927987313
13,0.5002907730409378,0.4252471570847971,0.5753343889970784,2,POMP,0.39107348046996016
14,0.431432078802878,0.3667172669824463,0.4961468906233096,2,POMP,0.3602429002356031
15,0.3757251863957514,0.3193664084363887,0.4320839643551141,2,POMP,0.34455660779956493
16,0.3311458676245627,0.2814739874808783,0.3808177477682471,2,POMP,0.3343788523782273
17,0.296040398579481,0.2516343387925588,0.3404464583664032,2,POMP,0.32590800653480434
18,0.2690917955598809,0.2287280262258987,0.309455564893863,2,POMP,0.31768017683176764
19,0.2491505150700488,0.2117779378095415,0.2865230923305562,2,POMP,0.3092656372165763
20,0.2348475064594621,0.1996203804905427,0.2700746324283813,2,POMP,0.30060171287108733
21,0.2250941287749392,0.1913300094586983,0.2588582480911801,2,POMP,0.2917529168452906
22,0.2191233158992114,0.1862548185143297,0.2519918132840931,2,POMP,0.2828126170726281
23,0.2163972257968112,0.1839376419272895,0.2488568096663329,2,POMP,0.27388494348510345
24,0.2165439235347342,0.1840623350045241,0.2490255120649444,2,POMP,0.26506410086086674
25,0.2193128560469819,0.1864159276399346,0.2522097844540291,2,POMP,0.25643641988776505
26,0.2245424838191924,0.1908611112463135,0.2582238563920713,2,POMP,0.2480776385796299
27,0.2321356619897929,0.197315312691324,0.2669560112882618,2,POMP,0.24005344974820922
28,0.2420397437540162,0.2057337821909138,0.2783457053171186,2,POMP,0.2324202681657496
29,0.2542292702762159,0.2160948797347835,0.2923636608176483,2,POMP,0.22522627533758446
30,0.2686897082331734,0.2283862519981974,0.3089931644681494,2,POMP,0.21851259325646236
31,0.2854011345054219,0.2425909643296086,0.3282113046812352,2,POMP,0.21231447114481314
32,0.3043211309968776,0.2586729613473459,0.3499693006464092,2,POMP,0.20666254780523782
33,0.3253665050287956,0.2765615292744762,0.3741714807831149,2,POMP,0.20158414417067902
34,0.348393835771642,0.2961347604058957,0.4006529111373882,2,POMP,0.19710457977975548
35,0.3731792929081615,0.3172023989719372,0.4291561868443856,2,POMP,0.19323348304473653
36,0.3994668078300019,0.3395467866555016,0.4593868290045022,2,POMP,0.18992310206169255
37,0.4271917247435016,0.3631129660319764,0.4912704834550268,2,POMP,0.18711715046664062
38,0.4563319544690527,0.3878821612986948,0.5247817476394105,2,POMP,0.1847653049402522
39,0.4868462128276908,0.4138192809035372,0.5598731447518444,2,POMP,0.18282219542568778
40,0.5186716648084172,0.4408709150871546,0.5964724145296797,2,POMP,0.18124654068845464
41,0.5517216284823384,0.4689633842099876,0.6344798727546891,2,POMP,0.18000040538776668
42,0.5858834124918185,0.4980009006180457,0.6737659243655912,2,POMP,0.17904855956730256
43,0.6210163714183714,0.5278639157056156,0.7141688271311271,2,POMP,0.17835792535392225
44,0.6569502727231072,0.5584077318146411,0.7554928136315733,2,POMP,0.1778970988502123
45,0.6934840765765139,0.5894614650900368,0.797506688062991,2,POMP,0.17763593785540802
46,0.7303852349984264,0.6208274497486624,0.8399430202481903,2,POMP,0.1775452082527049
47,0.767389618519987,0.652281175741989,0.882498061297985,2,POMP,0.17759628373777506
48,0.8042021762584222,0.6835718498196588,0.9248325026971854,2,POMP,0.17776089509207918
49,0.8404984281070762,0.7144236638910147,0.9665731923231377,2,POMP,0.1780109264679243
50,0.8759268750323118,0.744537843777465,1.0073159062871586,2,POMP,0.1783182571798556
51,0.910112394745496,0.7735955355336716,1.0466292539573203,2,POMP,0.17865464830820682
52,0.9426606650255416,0.8012615652717104,1.0840597647793728,2,POMP,0.17865464830820682
0,1.9460437466104628,1.4828629820300137,2.7277067762037164,2,NeuralSBI,1.7278781583841252
1,1.9877393184163181,1.5374130490976092,2.7530444178604427,2,NeuralSBI,1.724788578297241
2,2.02343761250911,1.600596645767084,2.7688511668643883,2,NeuralSBI,1.7211740686968595
3,2.0627802763223766,1.6427474699761297,2.7976540643030696,2,NeuralSBI,1.716284404159195
4,2.103456886326305,1.6865142871843781,2.8250322627561015,2,NeuralSBI,1.7085536138958068
5,2.140715460524496,1.7232268889481133,2.8644974289975926,2,NeuralSBI,1.6943418922761952
6,2.1770722687935513,1.7379663147918312,2.8900639238747527,2,NeuralSBI,1.664803656493744
7,2.2232094855552464,1.7608313164403036,2.948532772035232,2,NeuralSBI,1.5995103765272645
8,2.250569804086035,1.7604101328620085,2.99305185884528,2,NeuralSBI,1.4598100548531736
9,2.285109910944256,1.7529211077318512,3.0213836187321936,2,NeuralSBI,1.2066916564080004
10,2.304935625686342,1.735805731028857,3.05216938344345,2,NeuralSBI,0.879337365944721
11,2.321248481058949,1.7185332857697588,3.060322705257529,2,NeuralSBI,0.6101393966114182
12,2.3337237059219627,1.6917008520892651,3.041362978299839,2,NeuralSBI,0.4599178927987313
13,2.324649569899048,1.6528592130516988,3.032884969124172,2,NeuralSBI,0.39107348046996016
14,2.3205131072223293,1.617679567462716,3.0053608235301934,2,NeuralSBI,0.3602429002356031
15,2.2997506478049052,1.5726153269408385,2.9637800059492463,2,NeuralSBI,0.34455660779956493
16,2.263525170087818,1.5414650037104016,2.915920016227186,2,NeuralSBI,0.3343788523782273
17,2.224768039604527,1.4668887960101056,2.8763889915453835,2,NeuralSBI,0.32590800653480434
18,2.1604157953809224,1.392876522394879,2.862346089209742,2,NeuralSBI,0.31768017683176764
19,2.095926119563706,1.3387528564560982,2.816785806595983,2,NeuralSBI,0.3092656372165763
20,2.021149748079414,1.263196032592424,2.8005120059082387,2,NeuralSBI,0.30060171287108733
21,1.939107383968858,1.1851371760589895,2.7706129046119137,2,NeuralSBI,0.2917529168452906
22,1.8539316871177176,1.1013325836408292,2.754461532783281,2,NeuralSBI,0.2828126170726281
23,1.782538186464043,1.0384918476366964,2.727315053515288,2,NeuralSBI,0.27388494348510345
24,1.693615420895387,0.9682848880499946,2.712416626503242,2,NeuralSBI,0.26506410086086674
25,1.6191960770806317,0.8977188318246673,2.7045415319317505,2,NeuralSBI,0.25643641988776505
26,1.5426695033433826,0.8390903768387907,2.677816057546514,2,NeuralSBI,0.2480776385796299
27,1.474569503397365,0.7888558192061124,2.6487112493763023,2,NeuralSBI,0.24005344974820922
28,1.4055460572305019,0.745305104486548,2.6414833506737687,2,NeuralSBI,0.2324202681657496
29,1.340163456818269,0.7047141865647422,2.6176757906265395,2,NeuralSBI,0.22522627533758446
30,1.28164225326007,0.6666419775598309,2.585057320697383,2,NeuralSBI,0.21851259325646236
31,1.230249452878199,0.6287915724114777,2.542647738635941,2,NeuralSBI,0.21231447114481314
32,1.1879832016670266,0.6028966347010812,2.492848146628614,2,NeuralSBI,0.20666254780523782
33,1.1551459633315164,0.578365168724317,2.435259864135363,2,NeuralSBI,0.20158414417067902
34,1.1282473939658584,0.561093888906876,2.396258872336116,2,NeuralSBI,0.19710457977975548
35,1.106561772581497,0.551102359944712,2.3753200365118556,2,NeuralSBI,0.19323348304473653
36,1.0887843179000845,0.5487629036292323,2.317596964363142,2,NeuralSBI,0.18992310206169255
37,1.0750038762098746,0.5501399087921526,2.255792338723076,2,NeuralSBI,0.18711715046664062
38,1.0731314953434048,0.5586806530812874,2.180606737338904,2,NeuralSBI,0.1847653049402522
39,1.0708041012902054,0.5695502590627455,2.0973352138067027,2,NeuralSBI,0.18282219542568778
40,1.0748547503416739,0.5821545055545149,2.0422898668124514,2,NeuralSBI,0.18124654068845464
41,1.0837651707952676,0.5910557586447241,2.020458534000234,2,NeuralSBI,0.18000040538776668
42,1.0987036981775233,0.6121974434100572,1.9861584639517216,2,NeuralSBI,0.17904855956730256
43,1.1102767201084984,0.6080916401931881,2.0223073181120528,2,NeuralSBI,0.17835792535392225
44,1.1220082846313706,0.6156044798038551,2.0247688331216667,2,NeuralSBI,0.1778970988502123
45,1.1448205185139484,0.626158230646136,2.0454640014512733,2,NeuralSBI,0.17763593785540802
46,1.1683556392477419,0.6240688324409622,2.084374566022557,2,NeuralSBI,0.1775452082527049
47,1.1790866318392164,0.6204567964400127,2.140812287755793,2,NeuralSBI,0.17759628373777506
48,1.1987992948365305,0.6173534098831781,2.251392838735507,2,NeuralSBI,0.17776089509207918
49,1.225664809644073,0.6077775588318014,2.3929537977710984,2,NeuralSBI,0.1780109264679243
50,1.23921749489827,0.5919870896354403,2.5503736011213967,2,NeuralSBI,0.1783182571798556
51,1.261190899760733,0.575938377360279,2.7923689943811842,2,NeuralSBI,0.17865464830820682
4,1.3698192699160296,1.27421143103161,1.4688365850434846,3,EpiEstim,1.3334121994673103
5,2.444428221005697,2.334060500782481,2.557309683886414,3,EpiEstim,1.366172359575043
6,1.6932857180876757,1.6337679753094518,1.7538533874104374,3,EpiEstim,1.3972641102774448
7,1.973017756310529,1.9231749462721923,2.0234893439272903,3,EpiEstim,1.425560020221667
8,1.904433148301058,1.8692148063648395,1.9399756192225648,3,EpiEstim,1.4493347651685982
9,1.900000701679271,1.8742714306933164,1.9259029431604864,3,EpiEstim,1.4655314503843753
10,2.1049315870690437,2.085105616540893,2.1248500721594117,3,EpiEstim,1.4684952759422383
11,2.3922810368077263,2.3775701031652736,2.407036715252345,3,EpiEstim,1.4477057877179618
12,2.2648766414142285,2.255525084746319,2.2742472774069418,3,EpiEstim,1.3844436946295442
13,1.9747108322785465,1.9688515671627589,1.980578683040017,3,EpiEstim,1.2545666476074924
14,1.3788115295974908,1.375297814565508,1.3823296657101627,3,EpiEstim,1.051035353876036
15,1.432969612745516,1.429904921281252,1.4360375397656404,3,EpiEstim,0.8186702715485005
16,0.8138176213773239,0.8118785277648833,0.8157589960417664,3,EpiEstim,0.6293113537681118
17,0.7669218161949306,0.7648439034068191,0.7690025089419898,3,EpiEstim,0.5108501176484301
18,0.4161587479931263,0.4144202367512292,0.4179008480093695,3,EpiEstim,0.445443276259267
19,0.7573281319693115,0.7537760348479411,0.7608884637565092,3,EpiEstim,0.40856187829937807
20,0.7091023753942322,0.7051711817916834,0.7130443456506759,3,EpiEstim,0.38452484430293116
21,0.3844154377735814,0.3810041398138999,0.3878417291311029,3,EpiEstim,0.36562845967113033
22,0.4393130355481387,0.4335888899989811,0.4450741986056377,3,EpiEstim,0.3485636753772071
23,0.2818373950452064,0.275072350112125,0.2886834782915541,3,EpiEstim,0.3320864650471996
24,0.4711185086187318,0.4553219881830072,0.4871806312753608,3,EpiEstim,0.31587591036100465
25,0.5633842799494432,0.5386848361116267,0.5886295973923518,3,EpiEstim,0.29997868822398777
26,0.4894172771297943,0.4592511930572336,0.5205293183275027,3,EpiEstim,0.28455022613024494
27,0.2488605440749622,0.2190804718621483,0.2805107881070786,3,EpiEstim,0.26976525635407084
28,0.1665771477598363,0.121955408043169,0.2180478224457564,3,EpiEstim,0.2557755595484761
29,0.2487066790043798,0.1324258320202807,0.401022015692304,3,EpiEstim,0.24270422643022022
30,0.5249427460537763,0.2110542098081606,0.9793537364855596,3,EpiEstim,0.230644249262828
31,0.3121966556724665,0.0378084633671333,0.8697242166253627,3,EpiEstim,0.21966397959694622
32,1.4584362472887342,0.1766233956290859,4.062943339156003,3,EpiEstim,0.20981156357210254
33,0.8332499625885825,0.0210960625557344,3.0737586671342276,3,EpiEstim,0.20112137863078888
34,4.269170470126357,0.1080860382148596,15.748455233359053,3,EpiEstim,0.19361948553361583
35,4.999399926812642,0.1265738473837153,18.442183672917867,3,EpiEstim,0.1873292949686381
36,4.999999846492894,0.1265890360349859,18.44439670430047,3,EpiEstim,0.1822456229201654
37,5.0,0.1265890399214493,18.444397270569677,3,EpiEstim,0.17825136318747745
38,5.0,0.1265890399214493,18.444397270569677,3,EpiEstim,0.17522161833516242
39,5.0,0.1265890399214493,18.444397270569677,3,EpiEstim,0.17305187801969993
40,5.0,0.1265890399214493,18.444397270569677,3,EpiEstim,0.17165382176077662
41,5.0,0.1265890399214493,18.444397270569677,3,EpiEstim,0.17095188609320525
42,5.0,0.1265890399214493,18.444397270569677,3,EpiEstim,0.17088042038412707
43,5.0,0.1265890399214493,18.444397270569677,3,EpiEstim,0.17138129762404064
44,5.0,0.1265890399214493,18.444397270569677,3,EpiEstim,0.17240187872944981
45,5.0,0.1265890399214493,18.444397270569677,3,EpiEstim,0.17389325399969427
46,5.0,0.1265890399214493,18.444397270569677,3,EpiEstim,0.1758087052937848
47,5.0,0.1265890399214493,18.444397270569677,3,EpiEstim,0.178102348647588
48,5.0,0.1265890399214493,18.444397270569677,3,EpiEstim,0.18072793045644148
49,5.0,0.1265890399214493,18.444397270569677,3,EpiEstim,0.18363776172239182
50,5.0,0.1265890399214493,18.444397270569677,3,EpiEstim,0.1867817846926411
51,5.0,0.1265890399214493,18.444397270569677,3,EpiEstim,0.19010677478943871
52,5.0,0.1265890399214493,18.444397270569677,3,EpiEstim,0.19355568818451555
1,1.7212200954620471,1.46303708114274,1.979403109781354,3,POMP,1.2660385899873365
2,1.729507649812535,1.4700815023406548,1.9889337972844152,3,POMP,1.299815797451153
3,1.7144881201945117,1.4573149021653349,1.9716613382236885,3,POMP,1.3334121994673103
4,1.6781621729547602,1.4264378470115462,1.929886498897974,3,POMP,1.366172359575043
5,1.6232212251762277,1.3797380413997935,1.8667044089526617,3,POMP,1.3972641102774448
6,1.5527929746919331,1.3198740284881432,1.7857119208957228,3,POMP,1.425560020221667
7,1.4701882281611904,1.249659993937012,1.6907164623853688,3,POMP,1.4493347651685982
8,1.3786839993744693,1.1718813994682988,1.5854865992806395,3,POMP,1.4655314503843753
9,1.2813673018978995,1.0891622066132147,1.4735723971825845,3,POMP,1.4684952759422383
10,1.1810856542387058,1.0039228061029,1.3582485023745117,3,POMP,1.4477057877179618
11,1.0804368325013725,0.9183713076261666,1.2425023573765783,3,POMP,1.3844436946295442
12,0.9817936241715748,0.8345245805458384,1.1290626677973108,3,POMP,1.2545666476074924
13,0.8872278670563178,0.7541436869978702,1.0203120471147655,3,POMP,1.051035353876036
14,0.7983654401322732,0.6786106241124322,0.918120256152114,3,POMP,0.8186702715485005
15,0.7162669910288213,0.6088269423744981,0.8237070396831444,3,POMP,0.6293113537681118
16,0.6414096678858746,0.5451982177029934,0.7376211180687557,3,POMP,0.5108501176484301
17,0.573805405142163,0.4877345943708386,0.6598762159134874,3,POMP,0.445443276259267
18,0.5131781055326161,0.4362013897027237,0.5901548213625085,3,POMP,0.40856187829937807
19,0.4591152351333474,0.3902479498633452,0.5279825204033495,3,POMP,0.38452484430293116
20,0.4111433481563888,0.3494718459329304,0.4728148503798471,3,POMP,0.36562845967113033
21,0.3687835081881021,0.3134659819598868,0.4241010344163174,3,POMP,0.3485636753772071
22,0.3315649142656069,0.2818301771257659,0.3812996514054479,3,POMP,0.3320864650471996
23,0.2990284383266874,0.2541741725776842,0.3438827040756905,3,POMP,0.31587591036100465
24,0.2707321925798525,0.2301223636928746,0.3113420214668304,3,POMP,0.29997868822398777
25,0.2462586572842633,0.2093198586916238,0.2831974558769028,3,POMP,0.28455022613024494
26,0.2252213764056068,0.1914381699447657,0.2590045828664478,3,POMP,0.26976525635407084
27,0.2072703407149751,0.1761797896077288,0.2383608918222213,3,POMP,0.2557755595484761
28,0.1920955390740773,0.1632812082129657,0.2209098699351889,3,POMP,0.24270422643022022
29,0.1794292081885741,0.152514826960288,0.2063435894168602,3,POMP,0.230644249262828
30,0.1690471841511898,0.1436901065285113,0.1944042617738683,3,POMP,0.21966397959694622
31,0.160769950851597,0.1366544582238574,0.1848854434793365,3,POMP,0.20981156357210254
32,0.1544639562131891,0.1312943627812107,0.1776335496451675,3,POMP,0.20112137863078888
33,0.1500437693832328,0.1275372039757479,0.1725503347907177,3,POMP,0.19361948553361583
34,0.1474757163670133,0.1253543589119613,0.1695970738220653,3,POMP,0.1873292949686381
35,0.1467837569711409,0.1247661934254698,0.168801320516812,3,POMP,0.1822456229201654
36,0.1480018138262136,0.1258015417522816,0.1702020859001457,3,POMP,0.17825136318747745
37,0.1510072909463699,0.1283561973044144,0.1736583845883254,3,POMP,0.17522161833516242
38,0.1556733742298216,0.1323223680953484,0.1790243803642949,3,POMP,0.17305187801969993
39,0.161904906078028,0.1376191701663238,0.1861906419897322,3,POMP,0.17165382176077662
40,0.1696206139295073,0.1441775218400812,0.1950637060189333,3,POMP,0.17095188609320525
41,0.1787367710291422,0.1519262553747709,0.2055472866835135,3,POMP,0.17088042038412707
42,0.1891513931419786,0.1607786841706818,0.2175241021132754,3,POMP,0.17138129762404064
43,0.2007285945569709,0.1706193053734253,0.2308378837405165,3,POMP,0.17240187872944981
44,0.2132832305292656,0.1812907459498757,0.2452757151086554,3,POMP,0.17389325399969427
45,0.2265664748052985,0.1925815035845037,0.2605514460260933,3,POMP,0.1758087052937848
46,0.2402535199625807,0.2042154919681936,0.2762915479569678,3,POMP,0.178102348647588
47,0.2539351084519428,0.2158448421841514,0.2920253747197342,3,POMP,0.18072793045644148
48,0.2671150278819623,0.2270477736996679,0.3071822820642566,3,POMP,0.18363776172239182
49,0.2792159226193298,0.2373335342264303,0.3210983110122292,3,POMP,0.1867817846926411
50,0.2895956469662153,0.246156299921283,0.3330349940111476,3,POMP,0.19010677478943871
51,0.297575774103047,0.2529394079875899,0.342212140218504,3,POMP,0.19355568818451555
52,0.3024826799900833,0.2571102779915708,0.3478550819885957,3,POMP,0.19355568818451555
0,1.6203222309065608,1.2209105924575563,2.253926451709799,3,NeuralSBI,1.2326403687766276
1,1.6595328937601959,1.264946088717892,2.296570640609214,3,NeuralSBI,1.2660385899873365
2,1.6994779356881913,1.3094209773850742,2.3442873130335293,3,NeuralSBI,1.299815797451153
3,1.7397499064109532,1.3507027859728415,2.3920361760349182,3,NeuralSBI,1.3334121994673103
4,1.7742700625307903,1.3923183677142752,2.440456917781283,3,NeuralSBI,1.366172359575043
5,1.8170444229493057,1.4293289700840417,2.4762955491340444,3,NeuralSBI,1.3972641102774448
6,1.8533908419524008,1.4690595005870033,2.5269033141107227,3,NeuralSBI,1.425560020221667
7,1.8872414089905982,1.502941462005261,2.576470295162633,3,NeuralSBI,1.4493347651685982
8,1.922599917146064,1.5305675597690709,2.6087377221876586,3,NeuralSBI,1.4655314503843753
9,1.954982063414606,1.54747378444951,2.640429992831708,3,NeuralSBI,1.4684952759422383
10,1.9819092530010176,1.5719270994272296,2.6738194654237315,3,NeuralSBI,1.4477057877179618
11,2.0095298509118704,1.5767995724552748,2.6780321974110666,3,NeuralSBI,1.3844436946295442
12,2.0200991661297953,1.5804741043510364,2.685231077886031,3,NeuralSBI,1.2545666476074924
13,2.0319534364072886,1.5831254523007152,2.6843387481832335,3,NeuralSBI,1.051035353876036
14,2.0356395955182593,1.5678455775110094,2.687437461155022,3,NeuralSBI,0.8186702715485005
15,2.0252197497466993,1.5392807299788804,2.6889998157561137,3,NeuralSBI,0.6293113537681118
16,2.017217075790282,1.5030097492201806,2.6807743224579905,3,NeuralSBI,0.5108501176484301
17,1.9986977138113664,1.4725476262692054,2.6672860693783194,3,NeuralSBI,0.445443276259267
18,1.968655419003201,1.4227560597267688,2.6910654695351117,3,NeuralSBI,0.40856187829937807
19,1.9312698485552118,1.3476351184804436,2.6944386272213134,3,NeuralSBI,0.38452484430293116
20,1.8933129549221555,1.2676484719312953,2.693379822554335,3,NeuralSBI,0.36562845967113033
21,1.8326137739707868,1.19739263378487,2.722876062018642,3,NeuralSBI,0.3485636753772071
22,1.7844129620735405,1.1288945929070167,2.7527508804296943,3,NeuralSBI,0.3320864650471996
23,1.7328761230959202,1.0596205432365273,2.7913235532626444,3,NeuralSBI,0.31587591036100465
24,1.6815264782425396,1.0000564841249973,2.8187162906570586,3,NeuralSBI,0.29997868822398777
25,1.6224527042041477,0.9387001978666967,2.8206377657442094,3,NeuralSBI,0.28455022613024494
26,1.5674428489067571,0.8722156368167293,2.807859561372992,3,NeuralSBI,0.26976525635407084
27,1.5070872806676208,0.810996097363234,2.79875904825345,3,NeuralSBI,0.2557755595484761
28,1.4613404724638883,0.760143018622812,2.8062839978813856,3,NeuralSBI,0.24270422643022022
29,1.407516844174089,0.7143016066709897,2.813367679729251,3,NeuralSBI,0.230644249262828
30,1.360814726610397,0.6732877597144686,2.820859117799904,3,NeuralSBI,0.21966397959694622
31,1.32325165016463,0.6371534958209628,2.8317948354653524,3,NeuralSBI,0.20981156357210254
32,1.2847634237431822,0.6047126274816185,2.8018272784226768,3,NeuralSBI,0.20112137863078888
33,1.248026241302116,0.5858252109091888,2.7665639985267103,3,NeuralSBI,0.19361948553361583
34,1.2084995309465811,0.5692576551065806,2.7152336071000285,3,NeuralSBI,0.1873292949686381
35,1.1803543241293988,0.5610901456111305,2.6819860892254828,3,NeuralSBI,0.1822456229201654
36,1.16217470756544,0.5602297016572442,2.589453726421158,3,NeuralSBI,0.17825136318747745
37,1.1382092776064054,0.5611332429099403,2.523920669137178,3,NeuralSBI,0.17522161833516242
38,1.1249351128560487,0.5646647666173855,2.455792018481464,3,NeuralSBI,0.17305187801969993
39,1.1276673441251548,0.5671337177587108,2.3937635002920543,3,NeuralSBI,0.17165382176077662
40,1.1252815371520184,0.5691639075918226,2.337461812893834,3,NeuralSBI,0.17095188609320525
41,1.1177901472198344,0.5731644793824441,2.2602183846868984,3,NeuralSBI,0.17088042038412707
42,1.1119269674926175,0.5784404353918687,2.2056514888019287,3,NeuralSBI,0.17138129762404064
43,1.120879483564593,0.5884547908722557,2.16819901971768,3,NeuralSBI,0.17240187872944981
44,1.119844034464851,0.5954816579672166,2.1232671112718093,3,NeuralSBI,0.17389325399969427
45,1.1259888342809552,0.5969833727158661,2.12907883272777,3,NeuralSBI,0.1758087052937848
46,1.1157146447073374,0.5924871984584799,2.1258040130907125,3,NeuralSBI,0.178102348647588
47,1.114982114893043,0.6066748647036776,2.167545510844043,3,NeuralSBI,0.18072793045644148
48,1.1143046895379092,0.6003610429219666,2.2292092611793572,3,NeuralSBI,0.18363776172239182
49,1.1186490023280267,0.5908563240857142,2.3776128608131586,3,NeuralSBI,0.1867817846926411
50,1.1247663859051031,0.5696495066006882,2.4512889427427718,3,NeuralSBI,0.19010677478943871
51,1.129604518190342,0.5486011360185217,2.572911523621311,3,NeuralSBI,0.19355568818451555
4,5.149524306470633,5.001407920364432,5.299771918473161,4,EpiEstim,1.644292404662721
5,2.0196501235675663,1.9781121763428704,2.061613680370981,4,EpiEstim,1.5934870281543743
6,3.33516042755991,3.2971916037325997,3.373343610244403,4,EpiEstim,1.5397178807225114
7,1.5429547270546813,1.52863447001829,1.5573408253119856,4,EpiEstim,1.4782576653804622
8,2.2454462701914673,2.231447270422533,2.2594884401519164,4,EpiEstim,1.4010108513761725
9,1.8858489850745908,1.8772022572128069,1.894515307448144,4,EpiEstim,1.296277107542763
10,1.8149642046279968,1.8087361953638668,1.821202770401044,4,EpiEstim,1.1546261532212487
11,1.4012221120936832,1.3971286661255684,1.4053214634911593,4,EpiEstim,0.981943634962417
12,1.4817224835871503,1.4781491005437872,1.4853001212743016,4,EpiEstim,0.8075458289797277
13,0.9209294453522974,0.9186024418258668,0.9232593519879116,4,EpiEstim,0.6651758697205901
14,0.9519089162501736,0.9494477668817916,0.9543732074927516,4,EpiEstim,0.5673663686254957
15,0.5563279170722256,0.5544014382267634,0.5582576912123597,4,EpiEstim,0.506145522358174
16,0.7398792228427334,0.7369406898107302,0.742823522294469,4,EpiEstim,0.4681001628410447
17,0.4270333624150607,0.4244532526639126,0.4296211823681325,4,EpiEstim,0.44284148864275374
18,0.4733165688794968,0.4692530571535582,0.4773973568996584,4,EpiEstim,0.42417559704695423
19,0.530179644271664,0.5240397341757208,0.5363548196466641,4,EpiEstim,0.4088234193066463
20,0.4489557541594735,0.4413135683418182,0.4566626330300453,4,EpiEstim,0.39520579148624707
21,0.4494274752166041,0.4382590972683829,0.4607344181299516,4,EpiEstim,0.3825857320689401
22,0.5091410970579933,0.4917856535271178,0.526793293707332,4,EpiEstim,0.3706558110493529
23,0.4121307961447718,0.3906708175113426,0.4341564712309932,4,EpiEstim,0.3593007835941605
24,0.2334937155289393,0.209227106164567,0.2590725327602964,4,EpiEstim,0.34847780004769935
25,0.4731759846841462,0.4058501719415254,0.5455925538654045,4,EpiEstim,0.33818233471421794
26,0.2932433052666549,0.219659358400678,0.3772939282906076,4,EpiEstim,0.32841856594576024
27,0.389966617621739,0.2443900030853416,0.5690096994496397,4,EpiEstim,0.31919729646303513
28,0.538979041225669,0.2784983355955707,0.8840171872721816,4,EpiEstim,0.31052692295639295
29,0.1732633803109717,0.0209829991716045,0.4826808839006791,4,EpiEstim,0.3024151285134757
30,0.6482497328315012,0.0164122622616951,2.391315120576973,4,EpiEstim,0.29486821984703027
31,4.264799136482201,0.1079753656290216,15.732329910492044,4,EpiEstim,0.28789141657127937
32,4.9993983921104554,0.12657380852842,18.442178011586503,4,EpiEstim,0.28148935205644854
33,4.999999846492894,0.1265890360349859,18.44439670430047,4,EpiEstim,0.2756664882080475
34,5.0,0.1265890399214493,18.444397270569677,4,EpiEstim,0.2704275697188369
35,5.0,0.1265890399214493,18.444397270569677,4,EpiEstim,0.26577809713716916
36,5.0,0.1265890399214493,18.444397270569677,4,EpiEstim,0.26171408880061875
37,5.0,0.1265890399214493,18.444397270569677,4,EpiEstim,0.25819156524723347
38,5.0,0.1265890399214493,18.444397270569677,4,EpiEstim,0.2551605864423174
39,5.0,0.1265890399214493,18.444397270569677,4,EpiEstim,0.25257553801125676
40,5.0,0.1265890399214493,18.444397270569677,4,EpiEstim,0.2503944486669057
41,5.0,0.1265890399214493,18.444397270569677,4,EpiEstim,0.24857839544886898
42,5.0,0.1265890399214493,18.444397270569677,4,EpiEstim,0.2470909844650776
43,5.0,0.1265890399214493,18.444397270569677,4,EpiEstim,0.24589789709813242
44,5.0,0.1265890399214493,18.444397270569677,4,EpiEstim,0.24496649354482264
45,5.0,0.1265890399214493,18.444397270569677,4,EpiEstim,0.24426546716201122
46,5.0,0.1265890399214493,18.444397270569677,4,EpiEstim,0.24376454444697532
47,5.0,0.1265890399214493,18.444397270569677,4,EpiEstim,0.2434342266254436
48,5.0,0.1265890399214493,18.444397270569677,4,EpiEstim,0.2432455697870469
49,5.0,0.1265890399214493,18.444397270569677,4,EpiEstim,0.2431700013193293
50,5.0,0.1265890399214493,18.444397270569677,4,EpiEstim,0.24317917106540352
51,5.0,0.1265890399214493,18.444397270569677,4,EpiEstim,0.24324483617935172
52,5.0,0.1265890399214493,18.444397270569677,4,EpiEstim,0.2433387790861234
1,2.5350029954933655,2.1547525461693606,2.91525344481737,4,POMP,1.7455422688306104
2,2.2954609849322196,1.9511418371923863,2.6397801326720525,4,POMP,1.694604143236038
3,2.065506085066636,1.7556801723066406,2.375331997826631,4,POMP,1.644292404662721
4,1.848775984231487,1.571459586596764,2.12609238186621,4,POMP,1.5934870281543743
5,1.6475489775000292,1.4004166308750248,1.894681324125033,4,POMP,1.5397178807225114
6,1.4629424923817689,1.2435011185245033,1.6823838662390338,4,POMP,1.4782576653804622
7,1.295248616764072,1.1009613242494611,1.4895359092786826,4,POMP,1.4010108513761725
8,1.1443453688737375,0.9726935635426768,1.315997174204798,4,POMP,1.296277107542763
9,1.0100034151134016,0.8585029028463914,1.1615039273804115,4,POMP,1.1546261532212487
10,0.8919208058886603,0.7581326850053612,1.0257089267719592,4,POMP,0.981943634962417
11,0.7895243786589772,0.6710957218601306,0.9079530354578236,4,POMP,0.8075458289797277
12,0.7017988859276229,0.5965290530384794,0.8070687188167662,4,POMP,0.6651758697205901
13,0.6273253616848767,0.5332265574321452,0.7214241659376082,4,POMP,0.5673663686254957
14,0.5645111125698213,0.4798344456843481,0.6491877794552945,4,POMP,0.506145522358174
15,0.5118205360181217,0.4350474556154034,0.58859361642084,4,POMP,0.4681001628410447
16,0.4679145046104918,0.397727328918918,0.5381016803020655,4,POMP,0.44284148864275374
17,0.4317002288287778,0.3669451945044611,0.4964552631530944,4,POMP,0.42417559704695423
18,0.402310772866689,0.3419641569366856,0.4626573887966922,4,POMP,0.4088234193066463
19,0.3789481645132964,0.3221059398363019,0.4357903891902908,4,POMP,0.39520579148624707
20,0.3605141159439062,0.3064369985523203,0.4145912333354921,4,POMP,0.3825857320689401
21,0.3460454988988826,0.2941386740640502,0.3979523237337149,4,POMP,0.3706558110493529
22,0.3347816169934608,0.2845643744444417,0.3849988595424799,4,POMP,0.3593007835941605
23,0.3261061402073766,0.2771902191762702,0.3750220612384831,4,POMP,0.34847780004769935
24,0.3195051321905549,0.2715793623619716,0.3674309020191381,4,POMP,0.33818233471421794
25,0.314536480800002,0.2673560086800017,0.3617169529200023,4,POMP,0.32841856594576024
26,0.3108075216084872,0.2641863933672141,0.3574286498497603,4,POMP,0.31919729646303513
27,0.307958650372034,0.2617648528162289,0.3541524479278392,4,POMP,0.31052692295639295
28,0.3056516566693285,0.2598039081689292,0.3514994051697278,4,POMP,0.3024151285134757
29,0.3035621725766247,0.258027846690131,0.3490964984631184,4,POMP,0.29486821984703027
30,0.3013756724788106,0.256169321606989,0.3465820233506322,4,POMP,0.28789141657127937
31,0.2987868374514132,0.2539688118337013,0.3436048630691252,4,POMP,0.28148935205644854
32,0.2955020859255223,0.251176773036694,0.3398273988143507,4,POMP,0.2756664882080475
33,0.2912450481422615,0.2475582909209222,0.3349318053636007,4,POMP,0.2704275697188369
34,0.2857646796957935,0.2428999777414244,0.3286293816501625,4,POMP,0.26577809713716916
35,0.2788454991159809,0.2370186742485838,0.3206723239833781,4,POMP,0.26171408880061875
36,0.2704200338006134,0.2298570287305214,0.3109830388707054,4,POMP,0.25819156524723347
37,0.2608537469298643,0.2217256848903847,0.2999818089693439,4,POMP,0.2551605864423174
38,0.2505896334327808,0.2130011884178636,0.2881780784476979,4,POMP,0.25257553801125676
39,0.2400279076120224,0.204023721470219,0.2760320937538257,4,POMP,0.2503944486669057
40,0.2295185580641705,0.1950907743545449,0.263946341773796,4,POMP,0.24857839544886898
41,0.2193593323170256,0.1864554324694718,0.2522632321645794,4,POMP,0.2470909844650776
42,0.2097980646471308,0.1783283549500612,0.2412677743442004,4,POMP,0.24589789709813242
43,0.2010382545722808,0.1708825163864387,0.2311939927581229,4,POMP,0.24496649354482264
44,0.1932469329956837,0.1642598930463311,0.2222339729450362,4,POMP,0.24426546716201122
45,0.186564068729023,0.1585794584196695,0.2145486790383764,4,POMP,0.24376454444697532
46,0.1811130319267263,0.1539460771377174,0.2082799867157353,4,POMP,0.2434342266254436
47,0.1770119193372423,0.1504601314366559,0.2035637072378286,4,POMP,0.2432455697870469
48,0.1743858519177376,0.1482279741300769,0.2005437297053982,4,POMP,0.2431700013193293
49,0.1733806878401464,0.1473735846641244,0.1993877910161684,4,POMP,0.24317917106540352
50,0.1741789812090386,0.1480521340276828,0.2003058283903944,4,POMP,0.24324483617935172
51,0.1770195093674514,0.1504665829623336,0.2035724357725691,4,POMP,0.2433387790861234
52,0.1822223712697385,0.1548890155792777,0.2095557269601993,4,POMP,0.2433387790861234
0,2.41710109342212,1.8673250566660995,2.955571833110979,4,NeuralSBI,1.7976521167943151
1,2.3377846771475754,1.8340800409992166,2.8668837571451617,4,NeuralSBI,1.7455422688306104
2,2.2596344790778895,1.783902675377655,2.7798716716500396,4,NeuralSBI,1.694604143236038
3,2.1843799341026937,1.7434871036076651,2.7105411221053957,4,NeuralSBI,1.644292404662721
4,2.1063035004894637,1.705259962992871,2.647740580308874,4,NeuralSBI,1.5934870281543743
5,2.041977311727029,1.6407266520156571,2.592096613113519,4,NeuralSBI,1.5397178807225114
6,1.9757894049614055,1.5727842837893422,2.53442627339726,4,NeuralSBI,1.4782576653804622
7,1.9149417488403349,1.4937134915117338,2.4869040225218595,4,NeuralSBI,1.4010108513761725
8,1.859684309669984,1.4213322182881112,2.4437235049910204,4,NeuralSBI,1.296277107542763
9,1.8066947023362143,1.3527584999749254,2.3942321561975617,4,NeuralSBI,1.1546261532212487
10,1.7602618713734244,1.3003018748881132,2.3581076977912763,4,NeuralSBI,0.981943634962417
11,1.7203110088784141,1.2317104552630296,2.3351366348750044,4,NeuralSBI,0.8075458289797277
12,1.6854923718698283,1.1819567871478993,2.3163332319626577,4,NeuralSBI,0.6651758697205901
13,1.6505277929110642,1.1259244966537687,2.2887947142632865,4,NeuralSBI,0.5673663686254957
14,1.6153747953024877,1.0742836749575537,2.2926415661289665,4,NeuralSBI,0.506145522358174
15,1.585658911539825,1.0297139772143782,2.3056766313564205,4,NeuralSBI,0.4681001628410447
16,1.5568637560850536,0.9916994519313724,2.3010919377830805,4,NeuralSBI,0.44284148864275374
17,1.5347978570730025,0.9473085515856617,2.304324399172606,4,NeuralSBI,0.42417559704695423
18,1.5247011283037686,0.9054754602854298,2.3079503288908576,4,NeuralSBI,0.4088234193066463
19,1.512888128392372,0.8748194159826959,2.3327861772738325,4,NeuralSBI,0.39520579148624707
20,1.5072448189974712,0.8541163907194004,2.3599042497924576,4,NeuralSBI,0.3825857320689401
21,1.4987908036053366,0.8231892949035667,2.3858850601651906,4,NeuralSBI,0.3706558110493529
22,1.49066449899586,0.7875169147291126,2.4096302922612574,4,NeuralSBI,0.3593007835941605
23,1.4841027017443609,0.7596627040117345,2.441076537764423,4,NeuralSBI,0.34847780004769935
24,1.4863321892779573,0.7245977821626228,2.493047644603526,4,NeuralSBI,0.33818233471421794
25,1.483332942611836,0.7036071720938838,2.5268073626956444,4,NeuralSBI,0.32841856594576024
26,1.4757166160803847,0.6864413812990607,2.5905912703306666,4,NeuralSBI,0.31919729646303513
27,1.4722279940353862,0.6697256667494423,2.6425647862723167,4,NeuralSBI,0.31052692295639295
28,1.4755369061444803,0.6490633786820964,2.701232286613616,4,NeuralSBI,0.3024151285134757
29,1.4731758342900045,0.6343921075089817,2.720555321766825,4,NeuralSBI,0.29486821984703027
30,1.4729264339338155,0.6190244381350684,2.7752372051141645,4,NeuralSBI,0.28789141657127937
31,1.4665203947436922,0.6061650520131399,2.801707279413675,4,NeuralSBI,0.28148935205644854
32,1.4662889823312253,0.6028899608931304,2.7975857365164214,4,NeuralSBI,0.2756664882080475
33,1.4582084376295277,0.6025149815992346,2.8029819354325394,4,NeuralSBI,0.2704275697188369
34,1.449512825876976,0.599876810137167,2.7734602850721797,4,NeuralSBI,0.26577809713716916
35,1.4442994071673585,0.603741400305747,2.719854218360339,4,NeuralSBI,0.26171408880061875
36,1.43575637620792,0.6115531149698026,2.6724630854267226,4,NeuralSBI,0.25819156524723347
37,1.4268502530445866,0.6187263348227767,2.6238479823966743,4,NeuralSBI,0.2551605864423174
38,1.4015143184422847,0.625447500865392,2.522842397442773,4,NeuralSBI,0.25257553801125676
39,1.381796997834574,0.6427676522768682,2.440357108860346,4,NeuralSBI,0.2503944486669057
40,1.3646356248160378,0.6602828439415356,2.4027270519910853,4,NeuralSBI,0.24857839544886898
41,1.3426589978779335,0.6626284878801944,2.357182953939775,4,NeuralSBI,0.2470909844650776
42,1.3171552705941214,0.673564833871036,2.324615524730817,4,NeuralSBI,0.24589789709813242
43,1.2836556589662012,0.6784493655513565,2.315841526006185,4,NeuralSBI,0.24496649354482264
44,1.246653914085835,0.6750919581521866,2.2823126924099637,4,NeuralSBI,0.24426546716201122
45,1.2234186759150245,0.6661421672879456,2.2696416566897324,4,NeuralSBI,0.24376454444697532
46,1.1974165968413257,0.667466458682513,2.2982569639324977,4,NeuralSBI,0.2434342266254436
47,1.1816202506645055,0.6566672458967475,2.3253715568185958,4,NeuralSBI,0.2432455697870469
48,1.172741191932354,0.6294144266857807,2.375157864828137,4,NeuralSBI,0.2431700013193293
49,1.14602764254622,0.5988483524866374,2.418579225781565,4,NeuralSBI,0.24317917106540352
50,1.1212175193364078,0.5701408103676813,2.528023273310613,4,NeuralSBI,0.24324483617935172
51,1.0984112538132815,0.5362981718237306,2.665897202424715,4,NeuralSBI,0.2433387790861234
